<Ui xmlns="http://www.blizzard.com/wow/ui/">
  <Frame
    name="AuctionatorConfigSellingFrameTemplate"
    mixin="AuctionatorConfigSellingFrameMixin"
    hidden="true"
    virtual="true">

    <Scripts>
      <OnLoad method="OnLoad"/>
      <OnShow method="OnShow"/>
      <OnHide method="Save"/>
    </Scripts>

    <Frames>
      <Frame inherits="AuctionatorConfigurationTitleFrame" parentKey="TitleArea">
        <KeyValues>
          <KeyValue key="titleText" value="AUCTIONATOR_L_CONFIG_SELLING_CATEGORY" type="global" />
          <KeyValue key="subTitleText" value="AUCTIONATOR_L_CONFIG_SELLING_TEXT" type="global"/>
        </KeyValues>
      </Frame>

      <EventFrame parentKey="ScrollBar" inherits="WowTrimScrollBar">
        <Anchors>
          <Anchor point="TOPRIGHT" relativeKey="$parent.TitleArea" relativePoint="BOTTOMRIGHT"/>
          <Anchor point="BOTTOMRIGHT"/>
        </Anchors>
      </EventFrame>

      <Frame inherits="WowScrollBox" parentKey="ScrollBox">
        <Anchors>
          <Anchor point="TOPLEFT" relativeKey="$parent.TitleArea" relativePoint="BOTTOMLEFT"/>
          <Anchor point="BOTTOMRIGHT" relativeKey="$parent.ScrollBar" relativePoint="BOTTOMLEFT"/>
        </Anchors>
        <Frames>
          <Frame parentKey="Content" inherits="ResizeLayoutFrame">
            <KeyValues>
              <KeyValue key="scrollable" value="true" type="boolean" />
            </KeyValues>
            <Anchors>
              <Anchor point="TOP"/>
            </Anchors>
            <Frames>
      <Frame inherits="AuctionatorConfigurationCheckbox" parentKey="AuctionChatLog">
        <KeyValues>
          <KeyValue key="labelText" value="AUCTIONATOR_L_CONFIG_CHAT_LOG" type="global" />
          <KeyValue key="tooltipTitleText" value="AUCTIONATOR_L_CONFIG_CHAT_LOG_TOOLTIP_HEADER" type="global" />
          <KeyValue key="tooltipText" value="AUCTIONATOR_L_CONFIG_CHAT_LOG_TOOLTIP_TEXT" type="global"/>
        </KeyValues>
        <Anchors>
          <Anchor point="TOPLEFT"/>
        </Anchors>
      </Frame>
      <Frame inherits="AuctionatorConfigurationCheckbox" parentKey="ShowBidPrice">
        <KeyValues>
          <KeyValue key="labelText" value="AUCTIONATOR_L_CONFIG_SELLING_SHOW_BID_PRICE" type="global" />
          <KeyValue key="tooltipTitleText" value="AUCTIONATOR_L_CONFIG_SELLING_SHOW_BID_PRICE_TOOLTIP_HEADER" type="global" />
          <KeyValue key="tooltipText" value="AUCTIONATOR_L_CONFIG_SELLING_SHOW_BID_PRICE_TOOLTIP_TEXT" type="global"/>
        </KeyValues>
        <Anchors>
          <Anchor point="TOPLEFT" relativeKey="$parent.AuctionChatLog" relativePoint="BOTTOMLEFT" />
        </Anchors>
      </Frame>
      <Frame inherits="AuctionatorConfigurationCheckbox" parentKey="ConfirmPostLowPrice">
        <KeyValues>
          <KeyValue key="labelText" value="AUCTIONATOR_L_CONFIG_SELLING_CONFIRM_LOW_PRICE" type="global" />
          <KeyValue key="tooltipTitleText" value="AUCTIONATOR_L_CONFIG_SELLING_CONFIRM_LOW_PRICE_TOOLTIP_HEADER" type="global" />
          <KeyValue key="tooltipText" value="AUCTIONATOR_L_CONFIG_SELLING_CONFIRM_LOW_PRICE_TOOLTIP_TEXT_2" type="global"/>
        </KeyValues>
        <Anchors>
          <Anchor point="TOPLEFT" relativeKey="$parent.ShowBidPrice" relativePoint="BOTTOMLEFT" />
        </Anchors>
      </Frame>
      <Frame inherits="AuctionatorConfigurationCheckbox" parentKey="AlwaysLoadMore">
        <KeyValues>
          <KeyValue key="labelText" value="AUCTIONATOR_L_CONFIG_SHOPPING_ALWAYS_LOAD_MORE" type="global" />
          <KeyValue key="tooltipTitleText" value="AUCTIONATOR_L_CONFIG_SHOPPING_ALWAYS_LOAD_MORE_TOOLTIP_HEADER" type="global" />
          <KeyValue key="tooltipText" value="AUCTIONATOR_L_CONFIG_SHOPPING_ALWAYS_LOAD_MORE_TOOLTIP_TEXT" type="global"/>
        </KeyValues>
        <Anchors>
          <Anchor point="TOPLEFT" relativeKey="$parent.ConfirmPostLowPrice" relativePoint="BOTTOMLEFT" />
        </Anchors>
      </Frame>
      <Frame inherits="AuctionatorConfigurationCheckbox" parentKey="GreyPostButton">
        <KeyValues>
          <KeyValue key="labelText" value="AUCTIONATOR_L_CONFIG_SELLING_GREY_POST_BUTTON" type="global" />
          <KeyValue key="tooltipTitleText" value="AUCTIONATOR_L_CONFIG_SELLING_GREY_POST_BUTTON_TOOLTIP_HEADER" type="global" />
          <KeyValue key="tooltipText" value="AUCTIONATOR_L_CONFIG_SELLING_GREY_POST_BUTTON_TOOLTIP_TEXT" type="global"/>
        </KeyValues>
        <Anchors>
          <Anchor point="TOPLEFT" relativeKey="$parent.AlwaysLoadMore" relativePoint="BOTTOMLEFT" />
        </Anchors>
      </Frame>
      <Frame inherits="AuctionatorConfigurationHeadingFrame" parentKey="BagHeading">
        <KeyValues>
          <KeyValue key="headingText" value="AUCTIONATOR_L_CONFIG_BAG" type="global"/>
        </KeyValues>
        <Anchors>
          <Anchor point="TOPLEFT" relativeKey="$parent.GreyPostButton" relativePoint="BOTTOMLEFT"/>
        </Anchors>
      </Frame>

      <Frame inherits="AuctionatorConfigurationCheckbox" parentKey="BagShown">
        <KeyValues>
          <KeyValue key="labelText" value="AUCTIONATOR_L_CONFIG_BAG_SHOW_SELLING_BAG" type="global" />
          <KeyValue key="tooltipTitleText" value="AUCTIONATOR_L_CONFIG_BAG_SHOW_SELLING_BAG_TOOLTIP_HEADER" type="global" />
          <KeyValue key="tooltipText" value="AUCTIONATOR_L_CONFIG_BAG_SHOW_SELLING_BAG_TOOLTIP_TEXT" type="global"/>
        </KeyValues>
        <Anchors>
          <Anchor point="TOPLEFT" relativeKey="$parent.BagHeading" relativePoint="BOTTOMLEFT" />
        </Anchors>
      </Frame>
      <Frame inherits="AuctionatorConfigurationCheckbox" parentKey="BagCollapsed">
        <KeyValues>
          <KeyValue key="labelText" value="AUCTIONATOR_L_CONFIG_BAG_COLLAPSED" type="global" />
          <KeyValue key="tooltipTitleText" value="AUCTIONATOR_L_CONFIG_BAG_COLLAPSED_TOOLTIP_HEADER" type="global" />
          <KeyValue key="tooltipText" value="AUCTIONATOR_L_CONFIG_BAG_COLLAPSED_TOOLTIP_TEXT" type="global"/>
        </KeyValues>
        <Anchors>
          <Anchor point="TOPLEFT" relativeKey="$parent.BagShown" relativePoint="BOTTOMLEFT" />
        </Anchors>
      </Frame>
      <Frame inherits="AuctionatorConfigurationNumericInput" parentKey="IconSize">
        <KeyValues>
          <KeyValue key="labelText" value="AUCTIONATOR_L_CONFIG_SELLING_ICON_SIZE" type="global"/>
          <KeyValue key="tooltipTitleText" value="AUCTIONATOR_L_CONFIG_SELLING_ICON_SIZE_TOOLTIP_HEADER" type="global" />
          <KeyValue key="tooltipText" value="AUCTIONATOR_L_CONFIG_SELLING_ICON_SIZE_TOOLTIP_TEXT" type="global"/>
        </KeyValues>
        <Anchors>
          <Anchor point="TOPLEFT" relativeKey="$parent.BagCollapsed" relativePoint="BOTTOMLEFT" y="-5"/>
        </Anchors>
      </Frame>
      <Frame inherits="AuctionatorConfigurationCheckbox" parentKey="AutoSelectNext">
        <KeyValues>
          <KeyValue key="labelText" value="AUCTIONATOR_L_CONFIG_SELLING_AUTO_SELECT_NEXT" type="global" />
          <KeyValue key="tooltipTitleText" value="AUCTIONATOR_L_CONFIG_SELLING_AUTO_SELECT_NEXT_TOOLTIP_HEADER" type="global" />
          <KeyValue key="tooltipText" value="AUCTIONATOR_L_CONFIG_SELLING_AUTO_SELECT_NEXT_TOOLTIP_TEXT" type="global"/>
        </KeyValues>
        <Anchors>
          <Anchor point="TOPLEFT" relativeKey="$parent.IconSize" relativePoint="BOTTOMLEFT" />
        </Anchors>
      </Frame>
      <Frame inherits="AuctionatorConfigurationCheckbox" parentKey="AutoSelectStackRemainder">
        <KeyValues>
          <KeyValue key="labelText" value="AUCTIONATOR_L_CONFIG_SELLING_AUTO_SELECT_STACK_REMAINDER" type="global" />
          <KeyValue key="tooltipTitleText" value="AUCTIONATOR_L_CONFIG_SELLING_AUTO_SELECT_STACK_REMAINDER_TOOLTIP_HEADER" type="global" />
          <KeyValue key="tooltipText" value="AUCTIONATOR_L_CONFIG_SELLING_AUTO_SELECT_STACK_REMAINDER_TOOLTIP_TEXT" type="global"/>
        </KeyValues>
        <Anchors>
          <Anchor point="TOPLEFT" relativeKey="$parent.AutoSelectNext" relativePoint="BOTTOMLEFT" />
        </Anchors>
      </Frame>
      <Frame inherits="AuctionatorConfigurationCheckbox" parentKey="ReselectItem">
        <KeyValues>
          <KeyValue key="labelText" value="AUCTIONATOR_L_CONFIG_SELLING_RESELECT_ITEM" type="global" />
          <KeyValue key="tooltipTitleText" value="AUCTIONATOR_L_CONFIG_SELLING_RESELECT_ITEM_TOOLTIP_HEADER" type="global" />
          <KeyValue key="tooltipText" value="AUCTIONATOR_L_CONFIG_SELLING_RESELECT_ITEM_TOOLTIP_TEXT" type="global"/>
        </KeyValues>
        <Anchors>
          <Anchor point="TOPLEFT" relativeKey="$parent.AutoSelectStackRemainder" relativePoint="BOTTOMLEFT" />
        </Anchors>
      </Frame>
      <Frame inherits="AuctionatorConfigurationCheckbox" parentKey="MissingFavourites">
        <KeyValues>
          <KeyValue key="labelText" value="AUCTIONATOR_L_CONFIG_SELLING_MISSING_FAVOURITES" type="global" />
          <KeyValue key="tooltipTitleText" value="AUCTIONATOR_L_CONFIG_SELLING_MISSING_FAVOURITES_TOOLTIP_HEADER" type="global" />
          <KeyValue key="tooltipText" value="AUCTIONATOR_L_CONFIG_SELLING_MISSING_FAVOURITES_TOOLTIP_TEXT" type="global"/>
        </KeyValues>
        <Anchors>
          <Anchor point="TOPLEFT" relativeKey="$parent.ReselectItem" relativePoint="BOTTOMLEFT" />
        </Anchors>
      </Frame>
      <Frame inherits="AuctionatorConfigurationCheckbox" parentKey="PossessedFavouritesFirst">
        <KeyValues>
          <KeyValue key="labelText" value="AUCTIONATOR_L_CONFIG_SELLING_POSSESSED_FAVOURITES_FIRST" type="global" />
          <KeyValue key="tooltipTitleText" value="AUCTIONATOR_L_CONFIG_SELLING_POSSESSED_FAVOURITES_FIRST_TOOLTIP_HEADER" type="global" />
          <KeyValue key="tooltipText" value="AUCTIONATOR_L_CONFIG_SELLING_POSSESSED_FAVOURITES_FIRST_TOOLTIP_TEXT" type="global"/>
        </KeyValues>
        <Anchors>
          <Anchor point="TOPLEFT" relativeKey="$parent.MissingFavourites" relativePoint="BOTTOMLEFT" />
        </Anchors>
      </Frame>

      <Button inherits="UIPanelDynamicResizeButtonTemplate" text="AUCTIONATOR_L_UNHIDE_ALL_HIDDEN_ITEMS" parentKey="UnhideAll">
        <Anchors>
          <Anchor point="TOPLEFT" relativeKey="$parent.PossessedFavouritesFirst" relativePoint="BOTTOMLEFT" x="23" y="-10"/>
        </Anchors>
        <Scripts>
          <OnClick>
            self:GetParent():GetParent():GetParent():GetParent():UnhideAllClicked()
          </OnClick>
        </Scripts>
      </Button>
            </Frames>
          </Frame>
        </Frames>
      </Frame>

    </Frames>
  </Frame>
</Ui>
