<Ui xmlns="http://www.blizzard.com/wow/ui/">
  <Include file="Tooltip.xml"/>

  <Include file="TitleFrame.xml"/>

  <Include file="CheckBox.xml"/>
  <Include file="RadioButton.xml"/>
  <Include file="RadioButtonGroup.xml"/>
  <Include file="HorizontalRadioButtonGroup.xml"/>
  <Include file="NumericInputBox.xml"/>
  <Include file="TextInput.xml"/>
  <Include file="NumericInputBoxAlternate.xml"/>
  <Include file="CopyAndPasteBox.xml"/>
  <Include file="MinMaxRangeGroup.xml" />
  <Include file="FilterKeySelector.xml"/>
  <Include file="ResetButton.xml"/>
  <Include file="DropDown.xml"/>
  <Include file="KeyBinding.xml"/>
  <Include file="Panel.xml"/>
  <Include file="Duration.xml"/>

  <Include file="Heading.xml"/>
  <Include file="SubHeading.xml"/>

  <Include file="SimplePanelTemplate.xml"/>
</Ui>
