<Ui xmlns="http://www.blizzard.com/wow/ui/">
  <Frame name="AuctionatorConfigQuantitiesFrameTemplate" mixin="AuctionatorConfigQuantitiesFrameMixin" virtual="true">
    <Scripts>
      <OnLoad method="OnLoad"/>
      <OnShow method="OnShow"/>
      <OnHide method="Save"/>
    </Scripts>
    <Frames>
      <Frame inherits="AuctionatorConfigurationTitleFrame" parentKey="TitleArea">
        <KeyValues>
          <KeyValue key="titleText" value="AUCTIONATOR_L_CONFIG_QUANTITIES_CATEGORY" type="global"/>
          <KeyValue key="subTitleText" value="AUCTIONATOR_L_CONFIG_QUANTITIES_TEXT" type="global"/>
        </KeyValues>
      </Frame>

      <Frame inherits="AuctionatorConfigurationSubHeadingFrame" parentKey="WeaponHeading">
        <KeyValues>
          <KeyValue key="subHeadingText" value="AUCTION_CATEGORY_WEAPONS" type="global"/>
        </KeyValues>
        <Anchors>
          <Anchor point="TOPLEFT" relativeKey="$parent.TitleArea" relativePoint="BOTTOMLEFT"/>
        </Anchors>
      </Frame>

      <Frame inherits="AuctionatorConfigurationNumericInput" parentKey="WeaponQuantity" parentArray="Quantities">
        <KeyValues>
          <KeyValue key="labelText" value="AUCTIONATOR_L_CONFIG_SELLING_DEFAULT_QUANTITY_SUFFIX" type="global" />
          <KeyValue key="tooltipTitleText" value="AUCTIONATOR_L_CONFIG_SELLING_DEFAULT_QUANTITY_TOOLTIP_HEADER" type="global" />
          <KeyValue key="tooltipText" value="AUCTIONATOR_L_CONFIG_SELLING_DEFAULT_QUANTITY_TOOLTIP_TEXT" type="global"/>
          <KeyValue key="classID" value="Enum.ItemClass.Weapon" type="global"/>
        </KeyValues>
        <Anchors>
          <Anchor point="TOPLEFT" relativeKey="$parent.WeaponHeading" relativePoint="BOTTOMLEFT" y="-15"/>
        </Anchors>
      </Frame>

      <Frame inherits="AuctionatorConfigurationSubHeadingFrame" parentKey="ArmorHeading">
        <KeyValues>
          <KeyValue key="subHeadingText" value="ARMOR" type="global"/>
        </KeyValues>
        <Anchors>
          <Anchor point="TOPLEFT" relativeKey="$parent.WeaponQuantity" relativePoint="BOTTOMLEFT"/>
        </Anchors>
      </Frame>

      <Frame inherits="AuctionatorConfigurationNumericInput" parentKey="ArmorQuantity" parentArray="Quantities">
        <KeyValues>
          <KeyValue key="labelText" value="AUCTIONATOR_L_CONFIG_SELLING_DEFAULT_QUANTITY_SUFFIX" type="global" />
          <KeyValue key="tooltipTitleText" value="AUCTIONATOR_L_CONFIG_SELLING_DEFAULT_QUANTITY_TOOLTIP_HEADER" type="global" />
          <KeyValue key="tooltipText" value="AUCTIONATOR_L_CONFIG_SELLING_DEFAULT_QUANTITY_TOOLTIP_TEXT" type="global"/>
          <KeyValue key="classID" value="Enum.ItemClass.Armor" type="global"/>
        </KeyValues>
        <Anchors>
          <Anchor point="TOPLEFT" relativeKey="$parent.ArmorHeading" relativePoint="BOTTOMLEFT" y="-15"/>
        </Anchors>
      </Frame>

      <Frame inherits="AuctionatorConfigurationSubHeadingFrame" parentKey="ContainerHeading">
        <KeyValues>
          <KeyValue key="subHeadingText" value="AUCTION_CATEGORY_CONTAINERS" type="global"/>
        </KeyValues>
        <Anchors>
          <Anchor point="TOPLEFT" relativeKey="$parent.ArmorQuantity" relativePoint="BOTTOMLEFT"/>
        </Anchors>
      </Frame>

      <Frame inherits="AuctionatorConfigurationNumericInput" parentKey="ContainerQuantity" parentArray="Quantities">
        <KeyValues>
          <KeyValue key="labelText" value="AUCTIONATOR_L_CONFIG_SELLING_DEFAULT_QUANTITY_SUFFIX" type="global" />
          <KeyValue key="tooltipTitleText" value="AUCTIONATOR_L_CONFIG_SELLING_DEFAULT_QUANTITY_TOOLTIP_HEADER" type="global" />
          <KeyValue key="tooltipText" value="AUCTIONATOR_L_CONFIG_SELLING_DEFAULT_QUANTITY_TOOLTIP_TEXT" type="global"/>
          <KeyValue key="classID" value="Enum.ItemClass.Container" type="global"/>
        </KeyValues>
        <Anchors>
          <Anchor point="TOPLEFT" relativeKey="$parent.ContainerHeading" relativePoint="BOTTOMLEFT" y="-15"/>
        </Anchors>
      </Frame>

      <Frame inherits="AuctionatorConfigurationSubHeadingFrame" parentKey="GemHeading">
        <KeyValues>
          <KeyValue key="subHeadingText" value="AUCTION_CATEGORY_GEMS" type="global"/>
        </KeyValues>
        <Anchors>
          <Anchor point="TOPLEFT" relativeKey="$parent.ContainerQuantity" relativePoint="BOTTOMLEFT"/>
        </Anchors>
      </Frame>

      <Frame inherits="AuctionatorConfigurationNumericInput" parentKey="GemQuantity" parentArray="Quantities">
        <KeyValues>
          <KeyValue key="labelText" value="AUCTIONATOR_L_CONFIG_SELLING_DEFAULT_QUANTITY_SUFFIX" type="global" />
          <KeyValue key="tooltipTitleText" value="AUCTIONATOR_L_CONFIG_SELLING_DEFAULT_QUANTITY_TOOLTIP_HEADER" type="global" />
          <KeyValue key="tooltipText" value="AUCTIONATOR_L_CONFIG_SELLING_DEFAULT_QUANTITY_TOOLTIP_TEXT" type="global"/>
          <KeyValue key="classID" value="Enum.ItemClass.Gem" type="global"/>
        </KeyValues>
        <Anchors>
          <Anchor point="TOPLEFT" relativeKey="$parent.GemHeading" relativePoint="BOTTOMLEFT" y="-15"/>
        </Anchors>
      </Frame>

      <Frame inherits="AuctionatorConfigurationSubHeadingFrame" parentKey="EnhancementHeading">
        <KeyValues>
          <KeyValue key="subHeadingText" value="AUCTION_CATEGORY_ITEM_ENHANCEMENT" type="global"/>
        </KeyValues>
        <Anchors>
          <Anchor point="TOPLEFT" relativeKey="$parent.GemQuantity" relativePoint="BOTTOMLEFT"/>
        </Anchors>
      </Frame>

      <Frame inherits="AuctionatorConfigurationNumericInput" parentKey="EnhancementQuantity" parentArray="Quantities">
        <KeyValues>
          <KeyValue key="labelText" value="AUCTIONATOR_L_CONFIG_SELLING_DEFAULT_QUANTITY_SUFFIX" type="global" />
          <KeyValue key="tooltipTitleText" value="AUCTIONATOR_L_CONFIG_SELLING_DEFAULT_QUANTITY_TOOLTIP_HEADER" type="global" />
          <KeyValue key="tooltipText" value="AUCTIONATOR_L_CONFIG_SELLING_DEFAULT_QUANTITY_TOOLTIP_TEXT" type="global"/>
          <KeyValue key="classID" value="Enum.ItemClass.ItemEnhancement" type="global"/>
        </KeyValues>
        <Anchors>
          <Anchor point="TOPLEFT" relativeKey="$parent.EnhancementHeading" relativePoint="BOTTOMLEFT" y="-15"/>
        </Anchors>
      </Frame>

      <Frame inherits="AuctionatorConfigurationSubHeadingFrame" parentKey="ConsumableHeading">
        <KeyValues>
          <KeyValue key="subHeadingText" value="AUCTION_CATEGORY_CONSUMABLES" type="global"/>
        </KeyValues>
        <Anchors>
          <Anchor point="TOPLEFT" relativeKey="$parent.EnhancementQuantity" relativePoint="BOTTOMLEFT"/>
        </Anchors>
      </Frame>

      <Frame inherits="AuctionatorConfigurationNumericInput" parentKey="ConsumableQuantity" parentArray="Quantities">
        <KeyValues>
          <KeyValue key="labelText" value="AUCTIONATOR_L_CONFIG_SELLING_DEFAULT_QUANTITY_SUFFIX" type="global" />
          <KeyValue key="tooltipTitleText" value="AUCTIONATOR_L_CONFIG_SELLING_DEFAULT_QUANTITY_TOOLTIP_HEADER" type="global" />
          <KeyValue key="tooltipText" value="AUCTIONATOR_L_CONFIG_SELLING_DEFAULT_QUANTITY_TOOLTIP_TEXT" type="global"/>
          <KeyValue key="classID" value="Enum.ItemClass.Consumable" type="global"/>
        </KeyValues>
        <Anchors>
          <Anchor point="TOPLEFT" relativeKey="$parent.ConsumableHeading" relativePoint="BOTTOMLEFT" y="-15"/>
        </Anchors>
      </Frame>

      <Frame inherits="AuctionatorConfigurationSubHeadingFrame" parentKey="GlyphHeading">
        <KeyValues>
          <KeyValue key="subHeadingText" value="GLYPHS" type="global"/>
        </KeyValues>
        <Anchors>
          <Anchor point="TOPLEFT" relativeKey="$parent.ConsumableQuantity" relativePoint="BOTTOMLEFT"/>
        </Anchors>
      </Frame>

      <Frame inherits="AuctionatorConfigurationNumericInput" parentKey="GlyphQuantity" parentArray="Quantities">
        <KeyValues>
          <KeyValue key="labelText" value="AUCTIONATOR_L_CONFIG_SELLING_DEFAULT_QUANTITY_SUFFIX" type="global" />
          <KeyValue key="tooltipTitleText" value="AUCTIONATOR_L_CONFIG_SELLING_DEFAULT_QUANTITY_TOOLTIP_HEADER" type="global" />
          <KeyValue key="tooltipText" value="AUCTIONATOR_L_CONFIG_SELLING_DEFAULT_QUANTITY_TOOLTIP_TEXT" type="global"/>
          <KeyValue key="classID" value="Enum.ItemClass.Glyph" type="global"/>
        </KeyValues>
        <Anchors>
          <Anchor point="TOPLEFT" relativeKey="$parent.GlyphHeading" relativePoint="BOTTOMLEFT" y="-15"/>
        </Anchors>
      </Frame>

      <Frame inherits="AuctionatorConfigurationSubHeadingFrame" parentKey="TradeGoodsHeading">
        <KeyValues>
          <KeyValue key="subHeadingText" value="AUCTION_CATEGORY_TRADE_GOODS" type="global"/>
        </KeyValues>
        <Anchors>
          <Anchor point="TOPLEFT" relativeKey="$parent.TitleArea" relativePoint="BOTTOMLEFT" x="300"/>
        </Anchors>
      </Frame>

      <Frame inherits="AuctionatorConfigurationNumericInput" parentKey="TradeGoodsQuantity" parentArray="Quantities">
        <KeyValues>
          <KeyValue key="labelText" value="AUCTIONATOR_L_CONFIG_SELLING_DEFAULT_QUANTITY_SUFFIX" type="global" />
          <KeyValue key="tooltipTitleText" value="AUCTIONATOR_L_CONFIG_SELLING_DEFAULT_QUANTITY_TOOLTIP_HEADER" type="global" />
          <KeyValue key="tooltipText" value="AUCTIONATOR_L_CONFIG_SELLING_DEFAULT_QUANTITY_TOOLTIP_TEXT" type="global"/>
          <KeyValue key="classID" value="Enum.ItemClass.Tradegoods" type="global"/>
        </KeyValues>
        <Anchors>
          <Anchor point="TOPLEFT" relativeKey="$parent.TradeGoodsHeading" relativePoint="BOTTOMLEFT" y="-15"/>
        </Anchors>
      </Frame>

      <Frame inherits="AuctionatorConfigurationSubHeadingFrame" parentKey="ProfessionToolsHeading">
        <KeyValues>
          <KeyValue key="subHeadingText" value="AUCTION_CATEGORY_PROFESSION_EQUIPMENT" type="global"/>
        </KeyValues>
        <Anchors>
          <Anchor point="TOPLEFT" relativeKey="$parent.TradeGoodsQuantity" relativePoint="BOTTOMLEFT" y="-15"/>
        </Anchors>
      </Frame>

      <Frame inherits="AuctionatorConfigurationNumericInput" parentKey="ProfessionToolsQuantity" parentArray="Quantities">
        <KeyValues>
          <KeyValue key="labelText" value="AUCTIONATOR_L_CONFIG_SELLING_DEFAULT_QUANTITY_SUFFIX" type="global" />
          <KeyValue key="tooltipTitleText" value="AUCTIONATOR_L_CONFIG_SELLING_DEFAULT_QUANTITY_TOOLTIP_HEADER" type="global" />
          <KeyValue key="tooltipText" value="AUCTIONATOR_L_CONFIG_SELLING_DEFAULT_QUANTITY_TOOLTIP_TEXT" type="global"/>
          <KeyValue key="classID" value="Enum.ItemClass.Profession" type="global"/>
        </KeyValues>
        <Anchors>
          <Anchor point="TOPLEFT" relativeKey="$parent.ProfessionToolsHeading" relativePoint="BOTTOMLEFT" y="-15"/>
        </Anchors>
      </Frame>

      <Frame inherits="AuctionatorConfigurationSubHeadingFrame" parentKey="RecipesHeading">
        <KeyValues>
          <KeyValue key="subHeadingText" value="AUCTION_CATEGORY_RECIPES" type="global"/>
        </KeyValues>
        <Anchors>
          <Anchor point="TOPLEFT" relativeKey="$parent.ProfessionToolsQuantity" relativePoint="BOTTOMLEFT"/>
        </Anchors>
      </Frame>

      <Frame inherits="AuctionatorConfigurationNumericInput" parentKey="RecipesQuantity" parentArray="Quantities">
        <KeyValues>
          <KeyValue key="labelText" value="AUCTIONATOR_L_CONFIG_SELLING_DEFAULT_QUANTITY_SUFFIX" type="global" />
          <KeyValue key="tooltipTitleText" value="AUCTIONATOR_L_CONFIG_SELLING_DEFAULT_QUANTITY_TOOLTIP_HEADER" type="global" />
          <KeyValue key="tooltipText" value="AUCTIONATOR_L_CONFIG_SELLING_DEFAULT_QUANTITY_TOOLTIP_TEXT" type="global"/>
          <KeyValue key="classID" value="Enum.ItemClass.Recipe" type="global"/>
        </KeyValues>
        <Anchors>
          <Anchor point="TOPLEFT" relativeKey="$parent.RecipesHeading" relativePoint="BOTTOMLEFT" y="-15"/>
        </Anchors>
      </Frame>

      <Frame inherits="AuctionatorConfigurationSubHeadingFrame" parentKey="BattlePetsHeading">
        <KeyValues>
          <KeyValue key="subHeadingText" value="AUCTION_CATEGORY_BATTLE_PETS" type="global"/>
        </KeyValues>
        <Anchors>
          <Anchor point="TOPLEFT" relativeKey="$parent.RecipesQuantity" relativePoint="BOTTOMLEFT"/>
        </Anchors>
      </Frame>

      <Frame inherits="AuctionatorConfigurationNumericInput" parentKey="BattlePetsQuantity" parentArray="Quantities">
        <KeyValues>
          <KeyValue key="labelText" value="AUCTIONATOR_L_CONFIG_SELLING_DEFAULT_QUANTITY_SUFFIX" type="global" />
          <KeyValue key="tooltipTitleText" value="AUCTIONATOR_L_CONFIG_SELLING_DEFAULT_QUANTITY_TOOLTIP_HEADER" type="global" />
          <KeyValue key="tooltipText" value="AUCTIONATOR_L_CONFIG_SELLING_DEFAULT_QUANTITY_TOOLTIP_TEXT" type="global"/>
          <KeyValue key="classID" value="Enum.ItemClass.Battlepet" type="global"/>
        </KeyValues>
        <Anchors>
          <Anchor point="TOPLEFT" relativeKey="$parent.BattlePetsHeading" relativePoint="BOTTOMLEFT" y="-15"/>
        </Anchors>
      </Frame>

      <Frame inherits="AuctionatorConfigurationSubHeadingFrame" parentKey="QuestHeading">
        <KeyValues>
          <KeyValue key="subHeadingText" value="AUCTION_CATEGORY_QUEST_ITEMS" type="global"/>
        </KeyValues>
        <Anchors>
          <Anchor point="TOPLEFT" relativeKey="$parent.BattlePetsQuantity" relativePoint="BOTTOMLEFT"/>
        </Anchors>
      </Frame>

      <Frame inherits="AuctionatorConfigurationNumericInput" parentKey="QuestQuantity" parentArray="Quantities">
        <KeyValues>
          <KeyValue key="labelText" value="AUCTIONATOR_L_CONFIG_SELLING_DEFAULT_QUANTITY_SUFFIX" type="global" />
          <KeyValue key="tooltipTitleText" value="AUCTIONATOR_L_CONFIG_SELLING_DEFAULT_QUANTITY_TOOLTIP_HEADER" type="global" />
          <KeyValue key="tooltipText" value="AUCTIONATOR_L_CONFIG_SELLING_DEFAULT_QUANTITY_TOOLTIP_TEXT" type="global"/>
          <KeyValue key="classID" value="Enum.ItemClass.Questitem" type="global"/>
        </KeyValues>
        <Anchors>
          <Anchor point="TOPLEFT" relativeKey="$parent.QuestHeading" relativePoint="BOTTOMLEFT" y="-15"/>
        </Anchors>
      </Frame>

      <Frame inherits="AuctionatorConfigurationSubHeadingFrame" parentKey="MiscHeading">
        <KeyValues>
          <KeyValue key="subHeadingText" value="AUCTION_CATEGORY_MISCELLANEOUS" type="global"/>
        </KeyValues>
        <Anchors>
          <Anchor point="TOPLEFT" relativeKey="$parent.QuestQuantity" relativePoint="BOTTOMLEFT"/>
        </Anchors>
      </Frame>

      <Frame inherits="AuctionatorConfigurationNumericInput" parentKey="MiscQuantity" parentArray="Quantities">
        <KeyValues>
          <KeyValue key="labelText" value="AUCTIONATOR_L_CONFIG_SELLING_DEFAULT_QUANTITY_SUFFIX" type="global" />
          <KeyValue key="tooltipTitleText" value="AUCTIONATOR_L_CONFIG_SELLING_DEFAULT_QUANTITY_TOOLTIP_HEADER" type="global" />
          <KeyValue key="tooltipText" value="AUCTIONATOR_L_CONFIG_SELLING_DEFAULT_QUANTITY_TOOLTIP_TEXT" type="global"/>
          <KeyValue key="classID" value="Enum.ItemClass.Miscellaneous" type="global"/>
        </KeyValues>
        <Anchors>
          <Anchor point="TOPLEFT" relativeKey="$parent.MiscHeading" relativePoint="BOTTOMLEFT" y="-15"/>
        </Anchors>
      </Frame>
    </Frames>
  </Frame>
</Ui>
